{
    "configurePresets": [
        {
            "name": "windows-base",
            "description": "Target Windows with the Visual Studio development environment.",
            "hidden": true,
            "generator": "Ninja",
            "binaryDir": "${sourceDir}/build/${presetName}",
            "condition": {
                "type": "equals",
                "lhs": "${hostSystemName}",
                "rhs": "Windows"
            }
        },
        {
            "name": "x64-debug",
            "displayName": "x64 Debug",
            "description": "Target Windows (64-bit) with the Visual Studio development environment. (Debug)",
            "inherits": "windows-base",
            "architecture": {
                "value": "x64",
                "strategy": "external"
            },
            "cacheVariables": {
                "CMAKE_BUILD_TYPE": "Debug"
            }
        },
        {
            "name": "x64-release",
            "displayName": "x64 Release",
            "description": "Target Windows (64-bit) with the Visual Studio development environment. (RelWithDebInfo)",
            "inherits": "windows-base",
            "architecture": {
                "value": "x64",
                "strategy": "external"
            },
            "cacheVariables": {
                "CMAKE_BUILD_TYPE": "Release"
            }
        },
        {
            "name": "x64-release-debug",
            "displayName": "x64 Release with Debug",
            "description": "Target Windows (64-bit) with the Visual Studio development environment. (RelWithDebInfo)",
            "inherits": "x64-release",
            "cacheVariables": {
                "CMAKE_BUILD_TYPE": "RelWithDebInfo",
                "CMAKE_CXX_FLAGS_DEBUG": "/Z7"
            }
        }
    ],
    "version": 3
}